DateTime;<TICKER>;<PER>;Open;High;Low;Close;Volume
2023-03-30 10:00:00;SBER;60;217.34;218.45;216.12;217.82;16252680
2023-03-30 11:00:00;SBER;60;217.84;218.42;217.37;218.0;4346220
2023-03-30 12:00:00;SBER;60;217.99;218.08;217.07;217.5;3219860
2023-03-30 13:00:00;SBER;60;217.5;217.74;217.21;217.34;1742760
2023-03-30 14:00:00;SBER;60;217.34;217.42;216.67;217.02;3416120
2023-03-30 15:00:00;SBER;60;217.04;217.39;216.79;217.01;2225630
2023-03-30 16:00:00;SBER;60;217.02;217.12;216.8;216.87;1920490
2023-03-30 17:00:00;SBER;60;216.87;217.43;216.86;217.23;2147220
2023-03-30 18:00:00;SBER;60;217.23;217.4;217.02;217.4;931980
2023-03-30 19:00:00;SBER;60;217.33;217.33;217.01;217.09;725400
2023-03-30 20:00:00;SBER;60;217.07;217.67;217.07;217.33;1289650
2023-03-30 21:00:00;SBER;60;217.33;217.46;217.2;217.24;526810
2023-03-30 22:00:00;SBER;60;217.25;217.31;216.89;216.99;1155500
2023-03-30 23:00:00;SBER;60;216.99;217.09;216.82;216.87;837230
2023-03-31 10:00:00;SBER;60;217.2;217.35;214.2;214.75;16880180
2023-03-31 11:00:00;SBER;60;214.76;215.75;214.44;215.09;5694730
2023-03-31 12:00:00;SBER;60;215.1;215.3;213.25;213.69;8001880
2023-03-31 13:00:00;SBER;60;213.67;213.82;211.3;212.97;15848110
2023-03-31 14:00:00;SBER;60;212.97;213.5;211.82;212.74;8420320
2023-03-31 15:00:00;SBER;60;212.71;213.25;212.4;213.22;4618310
2023-03-31 16:00:00;SBER;60;213.2;213.22;212.8;212.97;2477310
2023-03-31 17:00:00;SBER;60;212.96;215.43;212.96;214.93;11350130
2023-03-31 18:00:00;SBER;60;214.96;215.5;214.82;215.5;3817730
2023-03-31 19:00:00;SBER;60;215.3;216.62;215.29;216.04;4827890
2023-03-31 20:00:00;SBER;60;216.04;216.35;215.51;215.56;1702600
2023-03-31 21:00:00;SBER;60;215.55;216.22;215.54;216.12;977530
2023-03-31 22:00:00;SBER;60;216.15;216.57;216.1;216.26;1611480
2023-03-31 23:00:00;SBER;60;216.26;216.6;215.96;216.6;1794990
2023-04-03 10:00:00;SBER;60;218.45;219.44;216.95;217.1;13842510
2023-04-03 11:00:00;SBER;60;217.1;217.3;216.2;217.14;6432820
2023-04-03 12:00:00;SBER;60;217.12;217.4;216.51;216.84;3631060
2023-04-03 13:00:00;SBER;60;216.84;216.92;216.31;216.8;2637980
2023-04-03 14:00:00;SBER;60;216.8;216.8;215.55;215.69;5290560
2023-04-03 15:00:00;SBER;60;215.69;216.36;215.03;215.85;4699910
2023-04-03 16:00:00;SBER;60;215.83;215.85;214.8;215.37;4757240
2023-04-03 17:00:00;SBER;60;215.37;216.94;215.33;215.7;7162710
2023-04-03 18:00:00;SBER;60;215.7;215.9;215.2;215.2;1923930
2023-04-03 19:00:00;SBER;60;215.65;216.3;215.32;216.07;1278020
2023-04-03 20:00:00;SBER;60;216.07;216.42;215.8;215.95;741540
2023-04-03 21:00:00;SBER;60;215.95;216.31;215.91;216.13;727220
2023-04-03 22:00:00;SBER;60;216.15;216.36;216.03;216.2;684340
2023-04-03 23:00:00;SBER;60;216.2;216.35;215.79;216.09;979140
2023-04-04 10:00:00;SBER;60;216.2;217.29;215.34;216.43;9915350
2023-04-04 11:00:00;SBER;60;216.43;217.25;215.81;216.77;6641170
2023-04-04 12:00:00;SBER;60;216.76;216.85;216.0;216.29;2765250
2023-04-04 13:00:00;SBER;60;216.3;216.69;216.1;216.25;1477550
2023-04-04 14:00:00;SBER;60;216.27;216.6;216.17;216.44;2140280
2023-04-04 15:00:00;SBER;60;216.43;216.55;215.71;215.86;3304530
2023-04-04 16:00:00;SBER;60;215.86;216.36;215.55;215.8;2470950
2023-04-04 17:00:00;SBER;60;215.81;215.95;213.8;214.03;9373360
2023-04-04 18:00:00;SBER;60;214.05;214.79;214.01;214.29;3048810
2023-04-04 19:00:00;SBER;60;214.29;215.33;214.29;215.09;1552410
2023-04-04 20:00:00;SBER;60;215.08;215.11;214.55;214.89;754030
2023-04-04 21:00:00;SBER;60;214.89;215.0;214.5;214.63;717580
2023-04-04 22:00:00;SBER;60;214.66;215.0;214.52;214.6;935930
2023-04-04 23:00:00;SBER;60;214.64;214.92;214.53;214.83;650050
2023-04-05 10:00:00;SBER;60;214.69;214.69;211.4;214.2;15870220
2023-04-05 11:00:00;SBER;60;214.18;214.94;213.63;213.88;4219330
2023-04-05 12:00:00;SBER;60;213.88;214.5;213.7;214.05;2766400
2023-04-05 13:00:00;SBER;60;214.05;214.46;214.02;214.31;1896250
2023-04-05 14:00:00;SBER;60;214.33;214.44;213.75;214.14;2059000
2023-04-05 15:00:00;SBER;60;214.14;214.15;213.74;213.74;1550270
2023-04-05 16:00:00;SBER;60;213.74;214.15;213.39;214.04;2686610
2023-04-05 17:00:00;SBER;60;214.03;214.46;213.88;214.44;2434760
2023-04-05 18:00:00;SBER;60;214.43;215.99;214.43;215.99;6531400
2023-04-05 19:00:00;SBER;60;215.66;216.3;215.3;215.79;2303640
2023-04-05 20:00:00;SBER;60;215.77;215.95;215.63;215.73;803840
2023-04-05 21:00:00;SBER;60;215.74;216.28;215.73;216.18;1620850
2023-04-05 22:00:00;SBER;60;216.16;216.18;215.82;216.13;651410
2023-04-05 23:00:00;SBER;60;216.1;216.22;215.92;216.15;733980
2023-04-06 10:00:00;SBER;60;216.3;217.38;215.51;216.52;10326250
2023-04-06 11:00:00;SBER;60;216.53;217.0;215.63;215.69;4172580
2023-04-06 12:00:00;SBER;60;215.69;216.31;215.64;216.15;1992420
2023-04-06 13:00:00;SBER;60;216.15;216.21;215.53;215.92;2419780
2023-04-06 14:00:00;SBER;60;215.92;215.99;215.0;215.29;3091060
2023-04-06 15:00:00;SBER;60;215.31;215.69;215.19;215.44;1870640
2023-04-06 16:00:00;SBER;60;215.41;215.46;214.61;215.38;4710350
2023-04-06 17:00:00;SBER;60;215.4;215.7;215.05;215.2;1618160
2023-04-06 18:00:00;SBER;60;215.2;215.21;214.31;214.31;3150920
2023-04-06 19:00:00;SBER;60;214.35;215.69;214.35;215.4;1653790
2023-04-06 20:00:00;SBER;60;215.38;215.77;215.01;215.37;1409550
2023-04-06 21:00:00;SBER;60;215.37;215.5;214.93;215.33;906820
2023-04-06 22:00:00;SBER;60;215.34;215.38;215.01;215.03;285830
2023-04-06 23:00:00;SBER;60;215.05;215.09;214.07;214.25;1385270
2023-04-07 10:00:00;SBER;60;214.5;215.42;213.65;214.65;5665720
2023-04-07 11:00:00;SBER;60;214.65;215.12;214.58;214.8;2025300
2023-04-07 12:00:00;SBER;60;214.8;214.96;214.28;214.91;1730270
2023-04-07 13:00:00;SBER;60;214.91;215.41;214.65;215.06;2649890
2023-04-07 14:00:00;SBER;60;215.05;215.36;214.75;214.96;1373650
2023-04-07 15:00:00;SBER;60;214.96;215.11;214.7;215.06;1654410
2023-04-07 16:00:00;SBER;60;215.07;215.61;214.82;215.54;2565840
2023-04-07 17:00:00;SBER;60;215.53;216.26;215.49;216.21;3623990
2023-04-07 18:00:00;SBER;60;216.22;216.35;215.8;216.15;2676480
2023-04-07 19:00:00;SBER;60;216.15;216.3;215.76;215.88;1292910
2023-04-07 20:00:00;SBER;60;215.86;216.11;215.6;215.99;716390
2023-04-07 21:00:00;SBER;60;215.98;216.3;215.95;216.18;924850
2023-04-07 22:00:00;SBER;60;216.19;216.27;215.94;216.26;592570
2023-04-07 23:00:00;SBER;60;216.26;216.39;216.0;216.27;1664790
2023-04-10 10:00:00;SBER;60;217.1;218.57;216.61;217.99;15193370
2023-04-10 11:00:00;SBER;60;218.01;220.6;217.58;220.24;20206930
2023-04-10 12:00:00;SBER;60;220.27;221.47;219.62;220.75;16148460
2023-04-10 13:00:00;SBER;60;220.72;220.85;220.05;220.8;4489770
2023-04-10 14:00:00;SBER;60;220.8;221.4;220.64;220.72;5890750
2023-04-10 15:00:00;SBER;60;220.76;221.1;220.18;220.36;3085800
2023-04-10 16:00:00;SBER;60;220.35;221.06;220.21;220.56;2512320
2023-04-10 17:00:00;SBER;60;220.56;220.74;220.1;220.48;2548860
2023-04-10 18:00:00;SBER;60;220.52;221.16;220.48;220.95;3501920
2023-04-10 19:00:00;SBER;60;220.8;221.76;220.8;221.47;3683230
2023-04-10 20:00:00;SBER;60;221.45;221.75;221.32;221.7;1335110
2023-04-10 21:00:00;SBER;60;221.69;221.77;221.5;221.58;1135670
2023-04-10 22:00:00;SBER;60;221.58;221.99;221.56;221.75;2644820
2023-04-10 23:00:00;SBER;60;221.76;222.26;221.75;222.21;2581920
2023-04-11 10:00:00;SBER;60;222.9;223.33;220.75;221.47;25605310
2023-04-11 11:00:00;SBER;60;221.47;222.2;221.18;221.93;7041900
2023-04-11 12:00:00;SBER;60;221.93;222.91;221.83;222.16;5638130
2023-04-11 13:00:00;SBER;60;222.17;222.36;221.57;221.75;4387920
2023-04-11 14:00:00;SBER;60;221.77;222.34;221.4;222.04;4076610
2023-04-11 15:00:00;SBER;60;222.04;222.25;221.6;221.6;2080970
2023-04-11 16:00:00;SBER;60;221.6;221.63;217.62;219.13;31004500
2023-04-11 17:00:00;SBER;60;219.12;220.3;218.64;219.44;7274060
2023-04-11 18:00:00;SBER;60;219.44;219.44;218.51;218.94;3541720
2023-04-11 19:00:00;SBER;60;218.8;219.38;218.77;218.86;1350410
2023-04-11 20:00:00;SBER;60;218.85;218.89;218.08;218.66;2241260
2023-04-11 21:00:00;SBER;60;218.7;220.0;218.66;219.7;2045940
2023-04-11 22:00:00;SBER;60;219.75;219.8;219.01;219.03;873110
2023-04-11 23:00:00;SBER;60;219.04;219.04;218.59;218.6;1187360
2023-04-12 10:00:00;SBER;60;218.62;219.7;216.67;218.05;15732750
2023-04-12 11:00:00;SBER;60;218.04;218.55;217.66;218.2;5231220
2023-04-12 12:00:00;SBER;60;218.21;218.73;217.4;218.27;4640130
2023-04-12 13:00:00;SBER;60;218.27;219.37;218.26;219.05;4026820
2023-04-12 14:00:00;SBER;60;219.06;219.35;218.76;219.35;2890690
2023-04-12 15:00:00;SBER;60;219.35;219.51;218.87;219.43;2874580
2023-04-12 16:00:00;SBER;60;219.42;219.59;218.9;218.91;2077640
2023-04-12 17:00:00;SBER;60;218.93;219.59;218.86;219.28;2322010
2023-04-12 18:00:00;SBER;60;219.29;219.3;218.25;218.7;2179120
2023-04-12 19:00:00;SBER;60;218.74;219.25;218.74;219.01;763460
2023-04-12 20:00:00;SBER;60;219.01;219.27;218.76;218.76;400570
2023-04-12 21:00:00;SBER;60;218.79;219.08;218.77;218.88;251450
2023-04-12 22:00:00;SBER;60;218.9;219.05;218.82;219.04;609320
2023-04-12 23:00:00;SBER;60;219.04;219.23;219.03;219.22;633440
2023-04-13 10:00:00;SBER;60;219.41;220.89;218.53;218.74;10874130
2023-04-13 11:00:00;SBER;60;218.75;219.26;218.1;218.99;5507900
2023-04-13 12:00:00;SBER;60;218.99;219.37;218.0;218.45;3640090
2023-04-13 13:00:00;SBER;60;218.45;218.88;218.15;218.42;1755860
2023-04-13 14:00:00;SBER;60;218.41;219.12;218.31;218.53;1864160
2023-04-13 15:00:00;SBER;60;218.53;219.23;218.42;219.21;2156860
2023-04-13 16:00:00;SBER;60;219.2;219.24;218.52;218.61;1546000
2023-04-13 17:00:00;SBER;60;218.62;218.97;218.5;218.97;1211220
2023-04-13 18:00:00;SBER;60;218.97;219.02;218.69;218.9;830710
2023-04-13 19:00:00;SBER;60;218.9;219.16;218.62;219.1;601890
2023-04-13 20:00:00;SBER;60;219.09;219.17;219.0;219.03;274130
2023-04-13 21:00:00;SBER;60;219.02;219.54;219.0;219.36;768070
2023-04-13 22:00:00;SBER;60;219.36;219.67;219.29;219.6;654930
2023-04-13 23:00:00;SBER;60;219.59;219.9;219.59;219.85;894600
2023-04-14 10:00:00;SBER;60;219.99;220.3;219.01;219.37;6191740
2023-04-14 11:00:00;SBER;60;219.37;219.37;218.51;218.96;3338400
2023-04-14 12:00:00;SBER;60;218.96;219.46;218.58;219.19;2064450
2023-04-14 13:00:00;SBER;60;219.2;219.27;218.8;219.23;1290360
2023-04-14 14:00:00;SBER;60;219.24;219.75;219.11;219.65;1917480
2023-04-14 15:00:00;SBER;60;219.65;220.77;219.59;219.98;5692230
2023-04-14 16:00:00;SBER;60;219.97;222.0;219.97;221.42;7772260
2023-04-14 17:00:00;SBER;60;221.41;221.49;220.7;221.32;3495850
2023-04-14 18:00:00;SBER;60;221.32;221.7;220.85;221.7;2026480
2023-04-14 19:00:00;SBER;60;221.28;222.09;221.28;221.88;1912620
2023-04-14 20:00:00;SBER;60;221.86;222.5;221.74;222.25;3143180
2023-04-14 21:00:00;SBER;60;222.21;222.31;222.05;222.31;1079270
2023-04-14 22:00:00;SBER;60;222.3;222.4;221.9;221.98;1431540
2023-04-14 23:00:00;SBER;60;221.95;222.1;221.6;221.87;1892950
2023-04-17 10:00:00;SBER;60;222.97;224.94;222.91;224.79;17701890
2023-04-17 11:00:00;SBER;60;224.8;225.38;224.43;224.77;9840010
2023-04-17 12:00:00;SBER;60;224.77;224.83;223.56;224.45;7926880
2023-04-17 13:00:00;SBER;60;224.45;224.69;223.8;224.34;2410980
2023-04-17 14:00:00;SBER;60;224.3;225.18;223.99;225.07;4911380
2023-04-17 15:00:00;SBER;60;225.07;225.66;224.94;225.21;5162550
2023-04-17 16:00:00;SBER;60;225.22;225.88;225.1;225.19;5055770
2023-04-17 17:00:00;SBER;60;225.2;226.3;224.87;226.1;5033810
2023-04-17 18:00:00;SBER;60;226.1;226.87;226.1;226.63;5829110
2023-04-17 19:00:00;SBER;60;226.51;228.2;226.51;227.65;6903050
2023-04-17 20:00:00;SBER;60;227.69;228.1;227.5;227.7;2891480
2023-04-17 21:00:00;SBER;60;227.73;227.95;227.43;227.84;1441240
2023-04-17 22:00:00;SBER;60;227.84;228.0;227.77;227.9;1047850
2023-04-17 23:00:00;SBER;60;227.91;228.2;227.51;228.1;2406510
2023-04-18 10:00:00;SBER;60;227.89;229.28;227.05;229.11;17380980
2023-04-18 11:00:00;SBER;60;229.16;229.84;228.9;229.3;10951650
2023-04-18 12:00:00;SBER;60;229.3;229.48;227.71;227.83;10968200
2023-04-18 13:00:00;SBER;60;227.83;229.0;227.5;228.32;6088110
2023-04-18 14:00:00;SBER;60;228.3;229.23;228.01;228.97;5771030
2023-04-18 15:00:00;SBER;60;228.97;229.05;228.62;228.93;3662980
2023-04-18 16:00:00;SBER;60;228.93;230.81;228.89;230.76;16159230
2023-04-18 17:00:00;SBER;60;230.77;231.33;230.3;231.3;7415650
2023-04-18 18:00:00;SBER;60;231.29;231.8;231.04;231.39;6815210
2023-04-18 19:00:00;SBER;60;231.38;232.44;230.91;232.35;4237950
2023-04-18 20:00:00;SBER;60;232.37;232.39;231.9;231.93;2737060
2023-04-18 21:00:00;SBER;60;231.93;232.19;231.81;232.16;1197060
2023-04-18 22:00:00;SBER;60;232.18;232.36;231.97;232.3;1566360
2023-04-18 23:00:00;SBER;60;232.3;232.76;232.21;232.66;2508510
2023-04-19 10:00:00;SBER;60;232.67;234.3;231.1;234.12;20619380
2023-04-19 11:00:00;SBER;60;234.13;234.81;233.81;233.89;11047990
2023-04-19 12:00:00;SBER;60;233.89;234.63;233.28;234.55;5858420
2023-04-19 13:00:00;SBER;60;234.51;235.0;233.8;234.86;7252050
2023-04-19 14:00:00;SBER;60;234.86;237.37;234.62;236.8;14795240
2023-04-19 15:00:00;SBER;60;236.8;236.8;234.86;235.24;11159040
2023-04-19 16:00:00;SBER;60;235.26;235.95;231.42;233.36;19942600
2023-04-19 17:00:00;SBER;60;233.33;235.54;232.0;234.88;11651320
2023-04-19 18:00:00;SBER;60;234.87;235.49;233.17;233.8;3968340
2023-04-19 19:00:00;SBER;60;233.89;234.95;233.89;234.8;1833370
2023-04-19 20:00:00;SBER;60;234.79;234.99;234.1;234.34;1317560
2023-04-19 21:00:00;SBER;60;234.35;234.53;233.6;233.63;1538120
2023-04-19 22:00:00;SBER;60;233.64;233.74;232.64;233.26;2760130
2023-04-19 23:00:00;SBER;60;233.26;233.62;232.81;232.95;1750460
2023-04-20 10:00:00;SBER;60;233.32;234.56;231.51;232.4;13208780
2023-04-20 11:00:00;SBER;60;232.39;232.88;229.84;231.2;14065100
2023-04-20 12:00:00;SBER;60;231.22;233.22;230.35;233.02;8356090
2023-04-20 13:00:00;SBER;60;233.02;233.5;232.14;233.3;4702990
2023-04-20 14:00:00;SBER;60;233.31;234.26;232.0;234.12;8868570
2023-04-20 15:00:00;SBER;60;234.12;235.78;233.81;234.77;9813480
2023-04-20 16:00:00;SBER;60;234.79;235.0;234.11;235.0;3372660
2023-04-20 17:00:00;SBER;60;235.0;235.99;234.7;235.83;5635520
2023-04-20 18:00:00;SBER;60;235.88;235.97;235.3;235.79;3198310
2023-04-20 19:00:00;SBER;60;235.78;236.47;235.7;235.98;4794210
2023-04-20 20:00:00;SBER;60;235.98;236.18;235.1;235.83;3449380
2023-04-20 21:00:00;SBER;60;235.86;235.99;235.73;235.84;1135230
2023-04-20 22:00:00;SBER;60;235.85;236.3;235.8;236.12;2105230
2023-04-20 23:00:00;SBER;60;236.16;236.37;235.91;236.28;2341190
2023-04-21 10:00:00;SBER;60;237.4;238.28;233.52;236.15;39819410
2023-04-21 11:00:00;SBER;60;236.15;237.0;236.0;236.86;5732590
2023-04-21 12:00:00;SBER;60;236.86;238.85;233.59;236.81;40425270
2023-04-21 13:00:00;SBER;60;236.8;236.8;235.05;235.86;5487590
2023-04-21 14:00:00;SBER;60;235.93;236.53;235.52;235.9;2869200
2023-04-21 15:00:00;SBER;60;235.9;235.9;234.2;234.82;6947660
2023-04-21 16:00:00;SBER;60;234.87;235.36;234.0;235.05;5055530
2023-04-21 17:00:00;SBER;60;235.05;235.5;234.6;235.29;2949190
2023-04-21 18:00:00;SBER;60;235.29;235.9;235.27;235.89;1591150
2023-04-21 19:00:00;SBER;60;235.65;235.85;235.05;235.21;716460
2023-04-21 20:00:00;SBER;60;235.22;235.41;235.06;235.13;686040
2023-04-21 21:00:00;SBER;60;235.13;235.55;235.1;235.55;613350
2023-04-21 22:00:00;SBER;60;235.54;235.57;235.01;235.35;1485590
2023-04-21 23:00:00;SBER;60;235.35;235.4;235.07;235.17;1227530
2023-04-24 10:00:00;SBER;60;235.09;236.4;234.1;235.61;10285830
2023-04-24 11:00:00;SBER;60;235.63;235.68;234.9;235.33;3110580
2023-04-24 12:00:00;SBER;60;235.33;235.98;235.26;235.53;2344200
2023-04-24 13:00:00;SBER;60;235.53;235.84;235.47;235.51;1408460
2023-04-24 14:00:00;SBER;60;235.55;235.77;235.4;235.73;1707850
2023-04-24 15:00:00;SBER;60;235.73;235.89;235.6;235.61;1041720
2023-04-24 16:00:00;SBER;60;235.62;235.72;234.8;235.54;4574780
2023-04-24 17:00:00;SBER;60;235.54;235.55;234.75;235.26;2823250
2023-04-24 18:00:00;SBER;60;235.24;235.24;234.91;235.14;1039030
2023-04-24 19:00:00;SBER;60;235.03;235.34;235.03;235.23;435150
2023-04-24 20:00:00;SBER;60;235.23;235.23;235.0;235.06;370440
2023-04-24 21:00:00;SBER;60;235.06;235.3;235.01;235.15;472970
2023-04-24 22:00:00;SBER;60;235.15;235.28;235.02;235.08;385520
2023-04-24 23:00:00;SBER;60;235.09;235.17;235.02;235.1;405260
2023-04-25 10:00:00;SBER;60;235.16;235.75;234.32;234.46;9152490
2023-04-25 11:00:00;SBER;60;234.47;235.64;234.21;235.12;6134450
2023-04-25 12:00:00;SBER;60;235.09;235.29;234.8;234.87;2296870
2023-04-25 13:00:00;SBER;60;234.87;235.1;234.4;234.91;2728210
2023-04-25 14:00:00;SBER;60;234.9;235.15;234.8;235.0;1205630
2023-04-25 15:00:00;SBER;60;235.0;235.59;234.9;235.22;3092540
2023-04-25 16:00:00;SBER;60;235.23;235.5;234.9;235.49;2084230
2023-04-25 17:00:00;SBER;60;235.5;235.82;235.0;235.05;1895190
2023-04-25 18:00:00;SBER;60;235.05;235.29;235.0;235.29;599740
2023-04-25 19:00:00;SBER;60;235.03;235.28;234.81;235.01;506450
2023-04-25 20:00:00;SBER;60;235.0;235.16;234.75;234.86;654400
2023-04-25 21:00:00;SBER;60;234.85;234.92;234.65;234.87;511460
2023-04-25 22:00:00;SBER;60;234.85;235.08;234.8;234.99;481950
2023-04-25 23:00:00;SBER;60;234.95;235.3;234.9;235.3;720140
2023-04-26 10:00:00;SBER;60;235.55;235.95;235.04;235.17;3934490
2023-04-26 11:00:00;SBER;60;235.17;235.35;235.06;235.28;1621060
2023-04-26 12:00:00;SBER;60;235.28;235.3;235.0;235.07;2174200
2023-04-26 13:00:00;SBER;60;235.07;235.32;235.07;235.17;1681030
2023-04-26 14:00:00;SBER;60;235.17;235.58;235.12;235.52;1970900
2023-04-26 15:00:00;SBER;60;235.52;235.9;235.51;235.9;2876410
2023-04-26 16:00:00;SBER;60;235.89;235.9;235.4;235.59;1943850
2023-04-26 17:00:00;SBER;60;235.58;235.61;235.17;235.18;1503760
2023-04-26 18:00:00;SBER;60;235.18;235.65;235.17;235.33;1895540
2023-04-26 19:00:00;SBER;60;235.33;235.8;235.3;235.65;1555350
2023-04-26 20:00:00;SBER;60;235.65;235.68;235.46;235.48;431070
2023-04-26 21:00:00;SBER;60;235.48;235.57;235.45;235.5;553530
2023-04-26 22:00:00;SBER;60;235.5;235.53;235.05;235.09;1013430
2023-04-26 23:00:00;SBER;60;235.09;235.36;234.91;235.21;1197000
2023-04-27 10:00:00;SBER;60;235.51;237.8;235.13;237.25;12483080
2023-04-27 11:00:00;SBER;60;237.26;238.35;237.26;238.02;7485360
2023-04-27 12:00:00;SBER;60;238.01;239.2;237.57;238.72;7633950
2023-04-27 13:00:00;SBER;60;238.72;240.34;238.56;240.2;10135430
2023-04-27 14:00:00;SBER;60;240.21;240.24;238.61;238.69;7238320
2023-04-27 15:00:00;SBER;60;238.69;239.63;238.23;239.2;5675040
2023-04-27 16:00:00;SBER;60;239.2;240.0;239.2;239.85;3309510
2023-04-27 17:00:00;SBER;60;239.85;240.0;239.26;239.8;3444370
2023-04-27 18:00:00;SBER;60;239.8;239.93;238.75;239.49;3044420
2023-04-27 19:00:00;SBER;60;239.2;239.93;239.2;239.79;1305000
2023-04-27 20:00:00;SBER;60;239.78;239.98;239.67;239.92;1220110
2023-04-27 21:00:00;SBER;60;239.92;240.0;239.75;239.9;1358450
2023-04-27 22:00:00;SBER;60;239.91;240.48;239.81;240.23;1974930
2023-04-27 23:00:00;SBER;60;240.23;240.74;240.06;240.38;1916870
2023-04-28 10:00:00;SBER;60;240.86;241.58;240.16;240.56;12403050
2023-04-28 11:00:00;SBER;60;240.57;240.75;240.0;240.56;4054910
2023-04-28 12:00:00;SBER;60;240.59;240.74;239.62;239.73;2712460
2023-04-28 13:00:00;SBER;60;239.73;240.42;239.72;239.86;2569030
2023-04-28 14:00:00;SBER;60;239.89;239.98;237.66;238.24;11093890
2023-04-28 15:00:00;SBER;60;238.25;239.81;237.83;239.77;5028930
2023-04-28 16:00:00;SBER;60;239.76;240.48;239.57;239.94;3291100
2023-04-28 17:00:00;SBER;60;239.93;239.99;239.57;239.92;1247820
2023-04-28 18:00:00;SBER;60;239.92;240.42;239.86;240.41;1643000
2023-04-28 19:00:00;SBER;60;240.38;240.4;240.0;240.12;952270
2023-04-28 20:00:00;SBER;60;240.13;240.15;239.33;239.35;1453770
2023-04-28 21:00:00;SBER;60;239.35;240.0;239.32;240.0;601770
2023-04-28 22:00:00;SBER;60;240.0;240.24;239.86;240.14;708460
2023-04-28 23:00:00;SBER;60;240.1;240.38;240.06;240.38;1734500
2023-05-02 10:00:00;SBER;60;242.2;244.47;241.63;243.65;17442110
2023-05-02 11:00:00;SBER;60;243.65;244.23;242.65;243.61;7164910
2023-05-02 12:00:00;SBER;60;243.67;244.44;243.39;243.93;5347340
2023-05-02 13:00:00;SBER;60;243.93;245.0;243.88;244.74;5740390
2023-05-02 14:00:00;SBER;60;244.73;244.75;244.01;244.57;3627810
2023-05-02 15:00:00;SBER;60;244.56;244.75;244.01;244.11;2662450
2023-05-02 16:00:00;SBER;60;244.11;244.25;243.41;243.58;3606850
2023-05-02 17:00:00;SBER;60;243.56;244.25;237.4;239.02;19115320
2023-05-02 18:00:00;SBER;60;239.09;241.77;238.9;240.15;9663710
2023-05-02 19:00:00;SBER;60;240.87;243.14;240.65;242.58;4251430
2023-05-02 20:00:00;SBER;60;242.59;242.59;241.2;242.09;2090070
2023-05-02 21:00:00;SBER;60;242.12;242.34;241.5;241.8;764290
2023-05-02 22:00:00;SBER;60;241.8;241.93;241.4;241.8;574360
2023-05-02 23:00:00;SBER;60;241.77;242.92;241.77;242.62;1195840
2023-05-03 10:00:00;SBER;60;242.85;242.99;239.62;241.35;14842650
2023-05-03 11:00:00;SBER;60;241.36;241.36;239.82;240.87;5719480
2023-05-03 12:00:00;SBER;60;240.87;242.2;240.56;241.86;4509040
2023-05-03 13:00:00;SBER;60;241.86;242.8;241.5;242.36;3484660
2023-05-03 14:00:00;SBER;60;242.36;242.49;240.66;240.95;3335410
2023-05-03 15:00:00;SBER;60;240.95;241.48;240.1;240.26;3583650
2023-05-03 16:00:00;SBER;60;240.26;240.69;238.41;239.36;9162230
2023-05-03 17:00:00;SBER;60;239.36;239.95;238.51;238.65;3929560
2023-05-03 18:00:00;SBER;60;238.64;239.35;238.0;238.0;4398660
2023-05-03 19:00:00;SBER;60;237.92;238.83;234.0;236.45;12435360
2023-05-03 20:00:00;SBER;60;236.46;238.07;235.95;237.15;3356780
2023-05-03 21:00:00;SBER;60;237.19;237.19;235.6;236.53;3438790
2023-05-03 22:00:00;SBER;60;236.53;236.69;235.9;236.0;2166350
2023-05-03 23:00:00;SBER;60;236.05;236.94;235.6;235.77;2378310
2023-05-04 10:00:00;SBER;60;236.51;239.27;236.23;238.02;15772440
2023-05-04 11:00:00;SBER;60;238.01;238.8;237.63;237.86;4321760
2023-05-04 12:00:00;SBER;60;237.86;239.74;237.5;239.49;6638860
2023-05-04 13:00:00;SBER;60;239.49;239.65;238.9;238.91;2959300
2023-05-04 14:00:00;SBER;60;238.9;239.54;238.9;238.97;2322250
2023-05-04 15:00:00;SBER;60;238.92;239.46;236.63;236.73;7004250
2023-05-04 16:00:00;SBER;60;236.72;237.91;236.66;237.42;2242850
2023-05-04 17:00:00;SBER;60;237.46;237.5;236.05;237.45;4322150
2023-05-04 18:00:00;SBER;60;237.39;237.8;237.0;237.21;1781540
2023-05-04 19:00:00;SBER;60;237.21;237.64;237.2;237.44;552900
2023-05-04 20:00:00;SBER;60;237.43;238.77;236.9;238.65;2003030
2023-05-04 21:00:00;SBER;60;238.64;239.0;238.18;238.41;1505230
2023-05-04 22:00:00;SBER;60;238.41;238.58;237.86;238.52;918100
2023-05-04 23:00:00;SBER;60;238.52;238.89;238.45;238.89;662180
2023-05-05 10:00:00;SBER;60;239.19;240.5;237.3;240.15;12560650
2023-05-05 11:00:00;SBER;60;240.15;240.4;239.23;239.79;5656620
2023-05-05 12:00:00;SBER;60;239.82;239.85;239.28;239.68;4376320
2023-05-05 13:00:00;SBER;60;239.68;239.77;239.39;239.69;2441570
2023-05-05 14:00:00;SBER;60;239.69;240.47;239.39;240.43;6960670
2023-05-05 15:00:00;SBER;60;240.43;240.66;238.8;239.22;6823580
2023-05-05 16:00:00;SBER;60;239.22;239.49;238.35;239.31;3869590
2023-05-05 17:00:00;SBER;60;239.32;239.84;238.9;239.58;4005780
2023-05-05 18:00:00;SBER;60;239.59;239.9;239.05;239.89;2993310
2023-05-05 19:00:00;SBER;60;239.84;239.99;239.2;239.2;1297160
2023-05-05 20:00:00;SBER;60;239.2;239.38;238.74;239.28;1785650
2023-05-05 21:00:00;SBER;60;239.28;239.49;238.0;238.01;2584070
2023-05-05 22:00:00;SBER;60;238.01;238.46;237.66;238.38;3155530
2023-05-05 23:00:00;SBER;60;238.38;238.42;237.61;237.7;2804210
2023-05-08 10:00:00;SBER;60;238.65;239.86;238.19;238.9;8447210
2023-05-08 11:00:00;SBER;60;238.92;239.45;238.8;238.85;2475430
2023-05-08 12:00:00;SBER;60;238.87;239.24;238.51;238.6;1963270
2023-05-08 13:00:00;SBER;60;238.6;238.64;237.36;237.73;5109320
2023-05-08 14:00:00;SBER;60;237.73;238.0;237.61;237.95;1685320
2023-05-08 15:00:00;SBER;60;237.95;238.56;237.95;238.4;2154500
2023-05-08 16:00:00;SBER;60;238.4;239.0;238.27;238.65;3600590
2023-05-08 17:00:00;SBER;60;238.65;238.91;238.13;238.16;3142430
2023-05-08 18:00:00;SBER;60;238.21;238.93;237.74;238.9;4344260
2023-05-08 19:00:00;SBER;60;238.3;238.9;238.0;238.21;2228710
2023-05-08 20:00:00;SBER;60;238.22;238.54;238.1;238.54;1338210
2023-05-08 21:00:00;SBER;60;238.52;238.71;238.22;238.22;2196500
2023-05-08 22:00:00;SBER;60;238.27;238.55;238.27;238.53;2882650
2023-05-08 23:00:00;SBER;60;238.54;239.29;237.77;238.27;6107710
2023-05-10 10:00:00;SBER;60;216.51;223.49;215.7;221.92;68959010
2023-05-10 11:00:00;SBER;60;221.95;223.2;221.39;221.78;15114730
2023-05-10 12:00:00;SBER;60;221.78;222.39;221.0;221.37;9091440
2023-05-10 13:00:00;SBER;60;221.37;221.59;220.17;220.91;8541300
2023-05-10 14:00:00;SBER;60;220.84;221.14;220.31;220.6;5419950
2023-05-10 15:00:00;SBER;60;220.56;222.04;220.54;222.02;5611000
2023-05-10 16:00:00;SBER;60;222.01;223.19;221.9;222.39;8915230
2023-05-10 17:00:00;SBER;60;222.4;222.8;221.7;222.45;3868810
2023-05-10 18:00:00;SBER;60;222.42;222.7;221.91;222.7;2564750
2023-05-10 19:00:00;SBER;60;222.7;224.61;222.15;224.15;5802210
